config_name,theme_id,replication,judge_run,feasibility,novelty,market_insight,financial_rigor,technical_depth,overall_quality,rationale
deep_passthrough,t01_ai_accounting,1,1,3.0,5.0,5.0,2.0,3.0,4.0,市場洞察と新規性は非常に高く評価できる。特に競合分析と市場規模の算出は具体的で説得力がある。しかし、財務的厳密性、技術的深度、実現可能性に関する情報が不足しており、提案全体の信頼性と具体性を損ねている。特にAIソリューションとしての技術的裏付けが弱い。
deep_passthrough,t01_ai_accounting,1,2,3.0,4.0,5.0,3.0,2.0,3.0,市場分析は非常に詳細で説得力があるが、新規ソリューションとしての実現可能性、技術的詳細、財務計画の具体性に欠ける。特に開発・導入の具体的なロードマップやリソース計画が不明瞭。競争優位性は示されているが、その実現方法の裏付けが弱い。
deep_passthrough,t01_ai_accounting,2,1,4.0,4.0,5.0,3.0,3.0,4.0,市場洞察は定量データと具体的なセグメント分析が充実しており非常に優れている。AI仕訳精度やインボイス先行対応、業界特化といった独自の強みで差別化を図り、実現可能性も高い。一方で、財務の詳細な収益モデルやコスト構造、技術的なアーキテクチャや実装ロードマップの言及が不足しており、これらが補強されればさらに説得力が増すだろう。
deep_passthrough,t01_ai_accounting,2,2,3.0,4.0,5.0,2.0,3.0,3.0,市場洞察は定量データと詳細な分析で非常に優れている。差別化要因も明確に提示されている。しかし、財務計画が完全に欠落しており、収益モデルやコスト構造、詳細な予測がない点が大きな弱点。技術的深度も機能説明に留まり、具体的な実装計画やリソース計画が不足しているため、実現可能性に疑問が残る。目標数値の整合性にも一部課題が見られる。
deep_passthrough,t01_ai_accounting,3,1,3.0,4.0,5.0,1.0,4.0,2.0,市場洞察と技術的深度は非常に高く、具体的なデータと技術要素が詳細に記述されている。特に競合との差別化ポイントや顧客セグメント分析は秀逸。しかし、ビジネス提案として不可欠な財務計画と具体的な事業実現計画が完全に欠落しており、このままでは説得力に欠ける。
deep_passthrough,t01_ai_accounting,3,2,3.0,4.0,5.0,1.0,4.0,3.0,市場洞察と技術的深度は非常に高く、具体的なデータと技術要素が豊富。競合との差別化も明確。しかし、財務分析が完全に欠落しており、事業としての実現可能性を示す具体的な計画が不足しているため、提案全体のバランスと説得力に課題がある。
deep_passthrough,t02_legal_review,1,1,2.0,3.0,5.0,1.0,1.0,2.0,市場分析は非常に詳細で説得力がありますが、財務計画、技術的な詳細、具体的な実現ロードマップが完全に欠落しており、提案全体の品質と実現可能性を著しく損ねています。新規性も限定的です。
deep_passthrough,t02_legal_review,1,2,2.0,4.0,5.0,1.0,1.0,2.0,市場分析は非常に詳細で具体的だが、実現可能性、財務計画、技術的深度に関する記述が完全に欠落しており、ビジネス提案として重要な要素が不足している。このままでは提案の説得力に欠ける。
deep_passthrough,t02_legal_review,2,1,3.0,4.0,5.0,1.0,3.0,3.0,市場分析と競合分析は非常に詳細で説得力があり、日本市場への深い洞察と具体的な数値データは高く評価できる。新規性も差別化ポイントを明確に提示している。しかし、財務計画に関する情報が全くなく、技術的な実装の詳細や具体的な実現計画も不足しており、提案全体の品質と説得力に欠ける。
deep_passthrough,t02_legal_review,2,2,3.0,4.0,5.0,1.0,1.0,2.0,市場分析は非常に詳細で定量的なデータに基づき、競合との差別化も明確に示されている点は評価できる。しかし、財務計画と技術的な実装計画が全く提示されておらず、実現可能性の具体的な裏付けに欠けるため、提案全体の説得力が大きく損なわれている。
deep_passthrough,t02_legal_review,3,1,2.0,4.0,5.0,2.0,2.0,3.0,市場分析は非常に詳細で具体的であり、高い評価に値します。しかし、実現可能性、財務計画の厳密性、技術的深度に関する情報が著しく不足しており、提案全体の説得力に欠けます。特に、具体的な実装計画、コスト構造、技術スタックの言及がない点が課題です。
deep_passthrough,t02_legal_review,3,2,2.0,4.0,5.0,2.0,3.0,2.0,市場分析は非常に詳細で説得力があるが、事業の実現可能性、財務計画、技術的実装に関する具体性が著しく不足している。特に、高い売上目標に対するコスト構造や詳細な収益モデル、開発ロードマップが不明瞭であり、全体として説得力に欠ける。提案書も途中で終わっている。
deep_passthrough,t03_gov_chatbot,1,1,4.0,4.0,5.0,2.0,3.0,3.0,市場洞察は非常に優れており、具体的なデータと競合分析が充実。新規性も既存課題への深い洞察に基づき、明確な差別化ポイントを提示。実現可能性も高く評価できる。しかし、財務的厳密性に関する情報が「第6章参照」とあるものの提示されておらず、詳細な収益モデルやコスト構造が不明な点が大きな弱点。技術的深度も基本的な理解は示されるが、具体的な技術スタックやアーキテクチャの言及が不足。これらの情報不足が総合品質を下げている。
deep_passthrough,t03_gov_chatbot,1,2,3.0,4.0,5.0,1.0,2.0,2.0,市場洞察は非常に詳細で具体的であり、高い評価を得る。新規性も、業務特化型AIや高度な日本語処理能力で差別化を図ろうとしている点で評価できる。しかし、実現可能性、財務的厳密性、技術的深度の各項目において、具体的な計画や詳細な情報が著しく不足している。特に財務計画は「第6章参照」とあるものの、その内容が提示されておらず、提案全体としての説得力に欠ける。最終版としては情報不足が否めない。
deep_passthrough,t03_gov_chatbot,2,1,5.0,5.0,5.0,4.0,5.0,5.0,各項目で具体的なデータと詳細な計画が提示されており、非常に説得力のある提案。市場分析は定量データに基づき、競合優位性も明確。技術的アプローチも具体的なスタックとセキュリティ対策まで言及され、実現可能性が高い。財務面もROIが明確で整合性が取れている。全体として高品質で一貫性があり、高い評価に値する。
deep_passthrough,t03_gov_chatbot,2,2,4.0,4.0,5.0,4.0,5.0,5.0,市場洞察と技術的深度が特に優れており、具体的なデータとアーキテクチャで説得力がある。財務面は一部仮定の明確化が必要だが、ROIやコスト削減効果は具体的に示されている。自治体特化の差別化戦略も明確で、全体的に高品質かつ実現可能性の高い提案。
deep_passthrough,t03_gov_chatbot,3,1,3.0,4.0,5.0,2.0,1.0,3.0,市場洞察は非常に優れており、具体的なデータと詳細なセグメント分析が説得力を持つ。しかし、財務計画は表面的な市場規模推計に留まり、自社の収益モデルやコスト構造、損益分岐点、具体的な売上予測が欠落している。また、技術的深度が全くなく、ソリューションをどのように実現するかの具体的な説明がないため、実現可能性も低く評価せざるを得ない。提案全体のバランスに欠ける。
deep_passthrough,t03_gov_chatbot,3,2,3.0,4.0,5.0,3.0,1.0,2.0,市場分析は非常に詳細で優れているが、技術的深度が全くなく、実装計画や財務の詳細も不足している。提案の核となる技術面が不明瞭なため、実現性や信頼性に疑問が残り、全体的な説得力に課題がある。
deep_passthrough,t04_elderly_fitness,1,1,3.0,5.0,5.0,3.0,2.0,3.0,市場洞察は非常に詳細で説得力がありますが、実現可能性、財務、技術の各セクションで具体性が不足しています。特にAI技術の実装や医学的安全性認証の具体的な計画が不明瞭で、提案全体の説得力にばらつきがあります。アイデアは優れていますが、実行計画の具体化が必要です。
deep_passthrough,t04_elderly_fitness,1,2,2.0,5.0,5.0,2.0,1.0,2.0,市場洞察と新規性は非常に優れており、具体的なデータと差別化ポイントが明確に示されています。しかし、提案の実現可能性、財務的厳密性、技術的深度に関する記述が極めて不足しており、特にコスト構造や具体的な技術スタック、実装計画が全く見えないため、全体としての説得力と信頼性に欠けます。
deep_passthrough,t04_elderly_fitness,2,1,4.0,5.0,5.0,4.0,3.0,4.0,高齢者向けAIフィットネスというニッチ市場に特化し、市場洞察と新規性が非常に優れている。具体的な目標数値や競合分析も充実。ただし、財務詳細の根拠や技術的な実装計画の具体性が不足しており、さらなる深掘りが必要。
deep_passthrough,t04_elderly_fitness,2,2,3.0,5.0,5.0,3.0,2.0,3.0,市場洞察と新規性は非常に高く評価できる。高齢者向けに特化したAIフィットネスというアイデアは魅力的で、市場分析も具体的データに基づき説得力がある。しかし、AI技術の詳細、具体的な開発ロードマップ、詳細な財務計画、リソース計画が不足しており、実現可能性と技術的深度、財務的厳密性に課題が残る。提案の核となるAI部分の具体性が低く、全体的な説得力に影響している。
deep_passthrough,t04_elderly_fitness,3,1,4.0,5.0,5.0,4.0,4.0,5.0,高齢化社会という明確な社会課題に対し、医学的根拠とAI技術を組み合わせた独自のソリューションを低価格で提供する点が優れている。市場分析は定量データに基づき非常に詳細で、競合優位性も明確。財務目標も具体的に提示されており、全体的に説得力のある高品質な提案である。コスト構造や技術アーキテクチャの詳細があればさらに完璧。
deep_passthrough,t04_elderly_fitness,3,2,4.0,5.0,5.0,4.0,4.0,5.0,高齢化社会の課題に対し、医学的根拠に基づくAI姿勢認識と低価格を組み合わせた高齢者特化型フィットネスコーチングという独自性が高い。市場分析は定量データと詳細なセグメンテーションで非常に充実。財務予測も具体的で整合性があり、実現可能性も高い。技術的深度もMediaPipe活用に言及し、説得力がある。全体的に高品質で一貫性があり、非常に優れた提案。
deep_passthrough,t05_insurance_ai,1,1,4.0,5.0,5.0,3.0,1.0,3.0,市場洞察は非常に詳細かつ具体的で高評価。新規性も競合との明確な差別化を示しており優れている。しかし、財務分析は売上目標やROIは示されているものの、コスト構造や詳細な収益モデルが不足。技術的深度に至っては、具体的な技術スタックやアーキテクチャの言及が全くなく、提案の実現性に対する懸念が残る。全体として、ビジネス戦略は優れているが、ソリューションの技術的・財務的裏付けが弱く、品質にばらつきがある。
deep_passthrough,t05_insurance_ai,1,2,4.0,5.0,5.0,4.0,3.0,4.0,市場洞察は非常に詳細で、競合優位性も明確。財務指標も具体的だが、収益モデルやコスト構造の詳細が不足。技術的な実装計画の具体性が欠けており、実現可能性の評価に影響。全体としては高品質で説得力があるが、技術面と財務詳細の補強でさらに向上する。
deep_passthrough,t05_insurance_ai,2,1,4.0,4.0,5.0,3.0,1.0,4.0,市場分析と顧客セグメント戦略は非常に詳細で具体的。競合との差別化も明確に提示され、実現可能性も高い。しかし、財務計画は基本的な数値に留まり、収益モデルやコスト構造の詳細が不足。特に、技術的深度に関する言及が全くない点が大きな課題であり、改善が必要。
deep_passthrough,t05_insurance_ai,2,2,3.0,4.0,5.0,3.0,1.0,2.0,市場洞察は非常に優れており、具体的なデータと競合分析、顧客セグメント戦略が充実している。新規性も日本市場に特化した差別化要因を提示している。しかし、提案の実現可能性（特に自社側の開発・運用計画）、財務的厳密性（収益・コストモデルの詳細）、そして技術的深度に関する記述が著しく不足しており、提案全体の説得力を損ねている。特に技術面の言及がほとんどない点は大きな課題。
deep_passthrough,t05_insurance_ai,3,1,3.0,4.0,5.0,1.0,1.0,2.0,市場洞察は非常に優れているが、財務計画と技術的詳細が完全に欠落しており、実現可能性も不明瞭。ソリューションの魅力は伝わるものの、ビジネスとしての厳密性や実行計画が不足しており、提案全体の説得力に欠ける。
deep_passthrough,t05_insurance_ai,3,2,3.0,4.0,5.0,2.0,2.0,3.0,市場洞察は非常に詳細で優れているが、提案者自身の財務計画と技術的詳細が著しく不足している。生成AI活用による新規性はあるものの、具体的な実装計画やリソース要件の言及も不十分で、最高経営責任者承認版としては全体的な品質にばらつきがある。
